Customer_ID,Name,City,Email,Gender,Address
C001,Tara Krishnan,Panchkula,mandrati@chad.org,Female,"65/04
Dhawan Marg, Rajpur Sonarpur 590551"
C002,Myra Edwin,Bulandshahr,yshukla@hotmail.com,Female,"H.No. 78
Sharaf Ganj
Indore 928261"
C003,Jayesh Lanka,Bilaspur,kavyabarad@hotmail.com,Male,"H.No. 53, Krishna Ganj, Dhule-346480"
C004,Tarini Bava,Miryalaguda,vsen@hotmail.com,Male,"145
Sibal, Rourkela-650344"
C005,Hiran Kaul,Kottayam,hanshkapur@buch.biz,Male,"34/168
Sachar Street
Bhatpara 002691"
C006,Rania Mann,Karimnagar,evaswamy@biswas-sekhon.com,Female,"15/89, Dayal Chowk, Rohtak 586046"
C007,Jayant Kamdar,Berhampore,pcontractor@hotmail.com,Male,"H.No. 501
Goswami Path, Bhilwara 482554"
C008,Veer Ray,Chinsurah,uthkarshjohal@yahoo.com,Female,"H.No. 589, Gala Circle, Nandyal-774484"
C009,Ritvik Borah,Madurai,daliajivika@yahoo.com,Female,"28/64
Lanka Marg, Ramgarh 141634"
C010,Darshit Dave,Kanpur,fateh26@hotmail.com,Male,"H.No. 21
Singhal Path
Hindupur 170985"
C011,Lagan Kapoor,Orai,rsidhu@gmail.com,Female,"53/710, Tailor Ganj, Gorakhpur-030540"
C012,Onkar Mangat,Bilaspur,oorjabassi@wali.com,Male,"H.No. 460, Sankar Ganj
Tadipatri 227246"
C013,Manikya Goswami,Mangalore,settytara@gmail.com,Female,"382, Banerjee Ganj
Patna 002103"
C014,Indrans Shukla,Panvel,rajagopalfateh@dhingra.info,Female,"67/61, Balan Nagar
Dehri-162882"
C015,Romil Bajwa,Kolkata,taimurkashyap@halder.com,Female,"890, Sathe Circle
Moradabad 800838"
C016,Amani Ganesh,Tenali,sumerkaur@yahoo.com,Male,"667
Som Marg
Rajkot 238865"
C017,Advika Dhar,Gangtok,pmaster@deol.com,Male,"80/81, Varghese Chowk, Bidhannagar-928710"
C018,Eva Vaidya,Nizamabad,drishya20@kapadia.com,Male,"34/29
Manne Circle, Ahmedabad 929297"
C019,Amira Sengupta,Danapur,purab20@dhar.com,Male,"77
Dass Street
Sasaram-948992"
C020,Samaira Ganesh,Machilipatnam,golesana@varty-gill.com,Male,"12, Khosla Chowk
Gopalpur-059682"
C021,Siya Talwar,Mehsana,hsunder@raman.info,Male,"H.No. 617, Brahmbhatt Path, Madanapalle-879728"
C022,Ivana Rout,Khandwa,adhar@yahoo.com,Male,"24
Babu Nagar, Khammam 703294"
C023,Abram Sandhu,Bidhannagar,sibalnitya@bhasin.net,Male,"H.No. 13
Lad Road
Bhiwandi 874382"
C024,Jhanvi Chowdhury,Kavali,magarvardaniya@biswas.com,Female,"827, Shere Nagar, Mangalore 084058"
C025,Ira Bava,Singrauli,rastogizain@yahoo.com,Female,"13/846, Bajaj Road, Nangloi Jat-882740"
C026,Ira Chahal,Farrukhabad,ayeshathakkar@yahoo.com,Female,"37, Bhasin Path, Deoghar-816439"
C027,Kashvi Sur,Serampore,edwinkeya@gmail.com,Female,"34, Sanghvi Path
Sikar 774265"
C028,Hridaan Rajagopalan,Noida,indrans49@thaman-chopra.net,Female,"01, Kapur Road, Agra-329913"
C029,Badal Sathe,Haridwar,lavanya23@yahoo.com,Female,"H.No. 78, Suresh, Hapur-924072"
C030,Vardaniya Contractor,Sambhal,choprakavya@dugar.org,Male,"H.No. 904
Dave Zila
Pimpri-Chinchwad 244227"
C031,Madhup Wable,Sasaram,priyansh11@dua-tella.com,Female,"H.No. 69
Shere
Durgapur 474507"
C032,Mannat Anand,Surat,advika02@gmail.com,Male,"81/76, Khanna Nagar, Vasai-Virar-913106"
C033,Suhana Kurian,Indore,nbains@hotmail.com,Female,"56/734, Som Marg
Bhimavaram 598548"
C034,Hridaan Sood,Bhatpara,drishyabalan@yahoo.com,Male,"H.No. 60, Deep Street
Phusro 320629"
C035,Ira Sarna,Vellore,zben@cherian.org,Male,"63, Baria Circle
Siliguri 399443"
C036,Biju Bajwa,Dibrugarh,choudhryrohan@hotmail.com,Female,"373
Ganguly Street, Kurnool 041608"
C037,Aradhya Kumar,Davanagere,faiyaz10@yahoo.com,Male,"123, Sagar Road
Dharmavaram-048740"
C038,Yakshit Shah,Aizawl,kthaker@gmail.com,Female,"H.No. 77
Kalita Circle, Muzaffarnagar-768793"
C039,Kaira Bahl,Kamarhati,keerzara@deshpande-sandhu.net,Male,"318
Chokshi Road, Miryalaguda-997025"
C040,Hazel Mangat,Pallavaram,aarnakrishna@chokshi.org,Female,"H.No. 07
Lad Ganj, Jaipur-750706"
C041,Rati Dhingra,Karaikudi,nirvisekhon@yahoo.com,Male,"71/531
Kibe Circle, Indore-971559"
C042,Eshani Sharma,Ajmer,waliavaibhav@yahoo.com,Male,"85/523
Raval Path, Bhind-188340"
C043,Yasmin Sheth,Vellore,aliavasa@chakraborty-koshy.com,Female,"80
Vala Ganj, Dindigul-437862"
C044,Seher Mann,Agra,vardaniyakaran@krishnamurthy.com,Male,"H.No. 146, Ram Chowk
Meerut-776118"
C045,Divit Mahajan,Maheshtala,krishchoudhury@kakar.com,Female,"25/685, Kannan Street, Erode-345276"
C046,Tara Kannan,Guna,madanheer@gmail.com,Male,"H.No. 26
Khurana, Kharagpur-183176"
C047,Bhamini Ravi,Jorhat,ramachandranraghav@uppal-bhandari.com,Male,"56, Tak Street, Giridih 114150"
C048,Aradhya Kale,Guntakal,gkhanna@tripathi.biz,Male,"H.No. 60, Dhingra Marg
Jalna 036174"
C049,Aarush Balasubramanian,Imphal,divijsheth@doshi.com,Female,"60, Loke Circle, Kadapa 528564"
C050,Chirag Srinivas,Imphal,xmand@hotmail.com,Female,"80/683
Gandhi Zila
Amravati-523734"
C051,Aradhya Batta,Kota,diyakapadia@gmail.com,Female,"25
Vaidya Street, Deoghar-807286"
C052,Vardaniya Apte,Dhanbad,ysoman@thaman.com,Male,"H.No. 78, Tara Nagar
Narasaraopet-260778"
C053,Kismat Kapadia,Bharatpur,aniruddhbhatia@apte-ramaswamy.net,Female,"592, Sachar Circle
Thoothukudi 513426"
C054,Umang Ahuja,Bidhannagar,saksham09@hotmail.com,Female,"06/32
Kade
Mehsana-061743"
C055,Umang Luthra,Imphal,manikya74@bava.com,Male,"H.No. 728, Datta Chowk
Kumbakonam-380227"
C056,Pihu Choudhury,Haridwar,dhanuksastry@yahoo.com,Male,"H.No. 029, Grover
Kadapa-492513"
C057,Zain Hegde,Delhi,faiyazsagar@thakur-chakrabarti.com,Female,"63/17
Bal Circle
Dehradun 365978"
C058,Charvi Kanda,Guntakal,miraan05@gmail.com,Male,"25
Srinivasan Ganj, Mira-Bhayandar-341661"
C059,Nirvi Wagle,Kalyan-Dombivli,mandalbhamini@gmail.com,Male,"77
Walla Ganj, Ambarnath-616114"
C060,Riya Wagle,Satara,veercheema@khosla.com,Male,"H.No. 775
Sha Circle
Mumbai 290110"
C061,Akarsh Ramesh,Kavali,tsaini@johal-char.com,Female,"078, Ghose Nagar, Bikaner 211920"
C062,Inaaya  Sarraf,Nagpur,kotharilakshay@cherian.com,Male,"78/08
Dyal Ganj
Satara-877913"
C063,Arhaan Ahluwalia,Jamnagar,pihu31@edwin-bawa.com,Male,"70/415
Sarna Road, Junagadh-305320"
C064,Indrajit Kale,Srikakulam,sabharwalmamooty@tella.com,Male,"191
Bera Path, Bhimavaram 502334"
C065,Badal Vora,North Dumdum,kbobal@hotmail.com,Male,"413
Ram Circle, Dhanbad-458174"
C066,Eshani Buch,Malegaon,traval@ratta-bumb.net,Female,"209
Lad Street, Ludhiana-431855"
C067,Eva Sankaran,Anand,zdhar@gmail.com,Male,"538
Doctor Street, Machilipatnam 092427"
C068,Ritvik Garde,Kalyan-Dombivli,parinaaz89@varty-gaba.com,Male,"59/845, Kade Path, Barasat 294473"
C069,Hunar Tripathi,Madhyamgram,gabainaaya@chhabra.info,Female,"H.No. 637
Walla Zila, Begusarai 750201"
C070,Emir Gokhale,Bhatpara,emirlala@sethi-kari.com,Male,"49/10
Sengupta Marg, Madhyamgram 629284"
C071,Purab Sheth,Tiruppur,suhana89@yahoo.com,Male,"H.No. 12
Dua Zila, Thrissur 303124"
C072,Charvi Karnik,Hyderabad,mishti69@cheema.info,Male,"99/790
Subramanian Chowk, Bhagalpur 125926"
C073,Zeeshan Tailor,Parbhani,vardaniya27@yahoo.com,Male,"63/76, Karan Street
Kanpur 487263"
C074,Vanya Apte,Sultan Pur Majra,gdoshi@gmail.com,Female,"509, Shah Road, Medininagar 212721"
C075,Yashvi Bansal,Aligarh,indranilsastry@gmail.com,Female,"62, Dash Street
Pondicherry-945886"
C076,Oorja Dayal,Gaya,indrajit78@balay-ravi.com,Female,"49
Sami
Dibrugarh-768751"
C077,Gokul Ahluwalia,Panchkula,khalsatarini@bora.com,Female,"645, Grewal Street, Bardhaman-621911"
C078,Jivika Rajan,Bhubaneswar,hunar08@hotmail.com,Female,"67
Cheema
Bardhaman 968232"
C079,Vedika Sankaran,Bhilai,advikakrishnan@hotmail.com,Female,"89
Srivastava Circle
Solapur 947664"
C080,Mohanlal Garde,Bhopal,shroffzaina@hotmail.com,Male,"80/990
Yogi Road
Anantapuram-218176"
C081,Kaira Ramachandran,Ratlam,baradnirvi@yahoo.com,Male,"H.No. 717
Warrior Circle
Etawah-124622"
C082,Anya Chaudhari,Ahmednagar,subramanianojas@gmail.com,Female,"64/161, Kaur Ganj, Kadapa 257529"
C083,Aaryahi Sodhi,Raurkela Industrial Township,devanromil@hotmail.com,Male,"H.No. 256
Sami Street, Lucknow-283322"
C084,Anahita Shankar,Tiruchirappalli,jchada@hotmail.com,Male,"537
Bahl Nagar
Tinsukia 000008"
C085,Bhamini Johal,Raipur,prisha85@gaba.com,Male,"53/88, Soni Chowk
Etawah-422592"
C086,Ivana Amble,Purnia,sundarampari@garg-khurana.biz,Female,"54/216, Tak Ganj
Mangalore 180959"
C087,Rania Bhatt,North Dumdum,dishanithaker@dey-choudhry.info,Female,"H.No. 782
Dey Circle
Jalna 640789"
C088,Shalv Kulkarni,Khora ,uthkarsh12@yahoo.com,Female,"H.No. 82, Kala Road, Moradabad-953360"
C089,Oorja Dey,Nellore,shanaya87@gmail.com,Female,"91, Handa Circle
Baranagar-841504"
C090,Drishya De,Anantapuram,kakarazad@sura.com,Female,"12, Wali Ganj
Secunderabad 891177"
C091,Adira Rajan,New Delhi,indrans79@gmail.com,Female,"H.No. 85
Bora Road
Rajpur Sonarpur-156686"
C092,Zoya Mani,Dibrugarh,obose@gmail.com,Male,"H.No. 319
Mandal Ganj, Vijayawada-709890"
C093,Mamooty Bawa,Tumkur,veer55@chaudhari.net,Male,"499
Apte Street
Gorakhpur 610533"
C094,Raghav Babu,Deoghar,shenoynirvaan@chawla.com,Female,"83/108
Goyal Chowk
Bhusawal-294899"
C095,Mahika Cherian,Warangal,pgala@yahoo.com,Female,"765
Srinivasan Ganj
Gangtok-960690"
C096,Kavya Reddy,Medininagar,balakrishnanzaina@gmail.com,Male,"88/80
Sheth Chowk, Dewas 052601"
C097,Nakul Randhawa,Sri Ganganagar,tlall@ramanathan.info,Female,"376
Tiwari Zila, Munger-178543"
C098,Navya Golla,Cuttack,tellamadhup@bhatt-bhasin.info,Male,"910
Rastogi Circle, Tiruppur 102771"
C099,Ranbir Loyal,Dhanbad,reyanshghosh@rajagopalan.com,Female,"496
Kumer Zila
Raurkela Industrial Township-618990"
C100,Pranay Chaudhary,Phagwara,prisha77@loke.org,Female,"H.No. 58
Sem Street, Amravati 316691"
